date,location_id,y_true,y_pred,y_pred_lower,y_pred_upper
2035-08-23,global_food_wastage_dataset,10642.53,22229.22,18127.785,26330.656
2035-08-24,global_food_wastage_dataset,34493.48,27342.424,23240.988,31443.86
2035-08-25,global_food_wastage_dataset,11092.49,21369.402,17267.967,25470.838
2035-08-26,global_food_wastage_dataset,13338.14,16692.625,12591.189,20794.06
2035-08-27,global_food_wastage_dataset,25111.5,25576.416,21474.98,29677.852
2035-08-28,global_food_wastage_dataset,1434.79,22699.627,18598.191,26801.062
2035-08-29,global_food_wastage_dataset,17941.25,20290.535,16189.1,24391.97
2035-08-30,global_food_wastage_dataset,48372.88,28964.24,24862.805,33065.676
2035-08-31,global_food_wastage_dataset,9666.4,26503.85,22402.414,30605.285
2035-09-01,global_food_wastage_dataset,10461.91,24972.746,20871.31,29074.182
2035-09-02,global_food_wastage_dataset,24836.07,29481.434,25379.998,33582.867
2035-09-03,global_food_wastage_dataset,13807.04,19422.877,15321.441,23524.312
2035-09-04,global_food_wastage_dataset,49395.14,20159.73,16058.295,24261.166
2035-09-05,global_food_wastage_dataset,20942.04,17934.83,13833.395,22036.266
2035-09-06,global_food_wastage_dataset,10367.07,30512.834,26411.398,34614.27
2035-09-07,global_food_wastage_dataset,39760.39,24558.834,20457.398,28660.27
2035-09-08,global_food_wastage_dataset,47659.16,26476.61,22375.174,30578.045
2035-09-09,global_food_wastage_dataset,14009.07,22575.145,18473.709,26676.58
2035-09-10,global_food_wastage_dataset,43154.38,28929.898,24828.463,33031.332
2035-09-11,global_food_wastage_dataset,21517.15,27527.754,23426.318,31629.19
2035-09-12,global_food_wastage_dataset,15479.16,25539.412,21437.977,29640.848
2035-09-13,global_food_wastage_dataset,7634.8,26041.744,21940.309,30143.18
2035-09-14,global_food_wastage_dataset,3715.38,27248.225,23146.79,31349.66
2035-09-15,global_food_wastage_dataset,44914.43,30227.602,26126.166,34329.035
2035-09-16,global_food_wastage_dataset,48952.68,23699.732,19598.297,27801.168
2035-09-17,global_food_wastage_dataset,18528.17,29474.432,25372.996,33575.867
2035-09-18,global_food_wastage_dataset,6924.7,39124.24,35022.805,43225.67
2035-09-19,global_food_wastage_dataset,16533.0,34585.227,30483.791,38686.66
2035-09-20,global_food_wastage_dataset,42686.47,19857.324,15755.889,23958.76
2035-09-21,global_food_wastage_dataset,12735.64,26307.309,22205.873,30408.744
2035-09-22,global_food_wastage_dataset,46106.35,17647.502,13546.066,21748.938
2035-09-23,global_food_wastage_dataset,35892.2,19588.525,15487.09,23689.96
2035-09-24,global_food_wastage_dataset,6482.29,29161.316,25059.88,33262.75
2035-09-25,global_food_wastage_dataset,21627.6,25038.658,20937.223,29140.094
2035-09-26,global_food_wastage_dataset,20092.05,31616.328,27514.893,35717.76
2035-09-27,global_food_wastage_dataset,48373.39,25022.11,20920.674,29123.545
2035-09-28,global_food_wastage_dataset,17324.62,20317.877,16216.441,24419.312
2035-09-29,global_food_wastage_dataset,28539.63,19930.275,15828.84,24031.71
2035-09-30,global_food_wastage_dataset,20167.01,25339.865,21238.43,29441.3
2035-10-01,global_food_wastage_dataset,16309.24,27269.326,23167.89,31370.762
2035-10-02,global_food_wastage_dataset,39516.23,24796.617,20695.182,28898.053
2035-10-03,global_food_wastage_dataset,6367.24,25822.979,21721.543,29924.414
2035-10-04,global_food_wastage_dataset,17786.74,23098.834,18997.398,27200.27
2035-10-05,global_food_wastage_dataset,26861.08,22801.553,18700.117,26902.988
2035-10-06,global_food_wastage_dataset,3236.77,21980.756,17879.32,26082.191
2035-10-07,global_food_wastage_dataset,46073.0,27600.51,23499.074,31701.945
2035-10-08,global_food_wastage_dataset,24411.49,25437.453,21336.018,29538.889
2035-10-09,global_food_wastage_dataset,11016.36,24540.4,20438.965,28641.836
2035-10-10,global_food_wastage_dataset,18824.66,24513.564,20412.129,28615.0
2035-10-11,global_food_wastage_dataset,30251.98,22071.668,17970.232,26173.104
2035-10-12,global_food_wastage_dataset,28188.81,22717.387,18615.951,26818.822
2035-10-13,global_food_wastage_dataset,28017.92,24518.754,20417.318,28620.19
2035-10-14,global_food_wastage_dataset,47128.3,24872.547,20771.111,28973.982
2035-10-15,global_food_wastage_dataset,29274.27,27333.715,23232.28,31435.15
2035-10-16,global_food_wastage_dataset,10846.69,24873.004,20771.568,28974.44
2035-10-17,global_food_wastage_dataset,20059.23,26342.943,22241.508,30444.379
2035-10-18,global_food_wastage_dataset,23891.65,25568.414,21466.979,29669.85
2035-10-19,global_food_wastage_dataset,15955.86,22503.69,18402.254,26605.125
2035-10-20,global_food_wastage_dataset,44822.55,23813.838,19712.402,27915.273
2035-10-21,global_food_wastage_dataset,4850.3,26101.498,22000.062,30202.934
2035-10-22,global_food_wastage_dataset,12696.71,20698.719,16597.283,24800.154
2035-10-23,global_food_wastage_dataset,44657.28,19601.555,15500.119,23702.99
2035-10-24,global_food_wastage_dataset,33073.05,28228.756,24127.32,32330.191
2035-10-25,global_food_wastage_dataset,6638.89,26532.287,22430.852,30633.723
2035-10-26,global_food_wastage_dataset,29636.36,27240.172,23138.736,31341.607
2035-10-27,global_food_wastage_dataset,3118.62,22779.693,18678.258,26881.129
2035-10-28,global_food_wastage_dataset,22247.62,26036.295,21934.86,30137.73
2035-10-29,global_food_wastage_dataset,21206.07,26923.11,22821.674,31024.545
2035-10-30,global_food_wastage_dataset,1160.27,29547.252,25445.816,33648.688
2035-10-31,global_food_wastage_dataset,20437.01,21922.867,17821.432,26024.303
2035-11-01,global_food_wastage_dataset,26977.56,29643.48,25542.045,33744.914
2035-11-02,global_food_wastage_dataset,25659.44,26566.48,22465.045,30667.916
2035-11-03,global_food_wastage_dataset,30588.9,21884.602,17783.166,25986.037
2035-11-04,global_food_wastage_dataset,42054.56,17682.86,13581.424,21784.295
2035-11-05,global_food_wastage_dataset,20333.88,24910.695,20809.26,29012.13
2035-11-06,global_food_wastage_dataset,3695.8,25972.764,21871.328,30074.2
2035-11-07,global_food_wastage_dataset,5443.2,21950.309,17848.873,26051.744
2035-11-08,global_food_wastage_dataset,27555.01,25191.875,21090.44,29293.31
2035-11-09,global_food_wastage_dataset,17163.86,27723.6,23622.164,31825.035
2035-11-10,global_food_wastage_dataset,20127.91,22197.816,18096.38,26299.252
2035-11-11,global_food_wastage_dataset,33616.77,18821.41,14719.975,22922.846
2035-11-12,global_food_wastage_dataset,24828.02,29342.969,25241.533,33444.402
2035-11-13,global_food_wastage_dataset,39189.88,23994.342,19892.906,28095.777
2035-11-14,global_food_wastage_dataset,18656.62,24562.586,20461.15,28664.021
2035-11-15,global_food_wastage_dataset,41121.47,22244.871,18143.436,26346.307
2035-11-16,global_food_wastage_dataset,37510.62,24646.166,20544.73,28747.602
2035-11-17,global_food_wastage_dataset,12159.07,27626.877,23525.441,31728.312
2035-11-18,global_food_wastage_dataset,34569.48,23667.865,19566.43,27769.3
2035-11-19,global_food_wastage_dataset,30427.46,32841.375,28739.94,36942.81
2035-11-20,global_food_wastage_dataset,4743.07,22903.877,18802.441,27005.312
2035-11-21,global_food_wastage_dataset,43200.15,24414.889,20313.453,28516.324
2035-11-22,global_food_wastage_dataset,15846.89,27501.145,23399.709,31602.58
2035-11-23,global_food_wastage_dataset,31604.43,28403.557,24302.121,32504.992
2035-11-24,global_food_wastage_dataset,16371.07,26918.695,22817.26,31020.13
2035-11-25,global_food_wastage_dataset,46119.45,29762.936,25661.5,33864.37
2035-11-26,global_food_wastage_dataset,45091.91,32046.455,27945.02,36147.89
2035-11-27,global_food_wastage_dataset,19489.91,28498.564,24397.129,32600.0
2035-11-28,global_food_wastage_dataset,23277.06,31024.957,26923.521,35126.39
2035-11-29,global_food_wastage_dataset,24031.22,27248.736,23147.3,31350.172
2035-11-30,global_food_wastage_dataset,5422.74,25624.572,21523.137,29726.008
2035-12-01,global_food_wastage_dataset,21948.76,27166.877,23065.441,31268.312
2035-12-02,global_food_wastage_dataset,1081.28,29034.564,24933.129,33136.0
2035-12-03,global_food_wastage_dataset,14430.76,29925.805,25824.37,34027.24
2035-12-04,global_food_wastage_dataset,44576.73,31564.926,27463.49,35666.36
2035-12-05,global_food_wastage_dataset,46520.88,25736.463,21635.027,29837.898
2035-12-06,global_food_wastage_dataset,31463.73,28607.03,24505.594,32708.465
2035-12-07,global_food_wastage_dataset,3453.37,27126.0,23024.564,31227.436
2035-12-08,global_food_wastage_dataset,26277.31,21117.303,17015.867,25218.738
2035-12-09,global_food_wastage_dataset,41442.17,23544.77,19443.334,27646.205
2035-12-10,global_food_wastage_dataset,7407.11,27175.07,23073.635,31276.506
2035-12-11,global_food_wastage_dataset,7622.58,26590.752,22489.316,30692.188
2035-12-12,global_food_wastage_dataset,30652.52,26053.037,21951.602,30154.473
2035-12-13,global_food_wastage_dataset,36153.21,28544.34,24442.904,32645.775
2035-12-14,global_food_wastage_dataset,11603.07,24525.637,20424.201,28627.072
2035-12-15,global_food_wastage_dataset,33343.15,22609.758,18508.322,26711.193
2035-12-16,global_food_wastage_dataset,11475.82,25563.111,21461.676,29664.547
2035-12-17,global_food_wastage_dataset,10072.96,26329.607,22228.172,30431.043
2035-12-18,global_food_wastage_dataset,34364.95,18508.71,14407.275,22610.146
2035-12-19,global_food_wastage_dataset,14796.52,23049.072,18947.637,27150.508
2035-12-20,global_food_wastage_dataset,23360.75,29162.34,25060.904,33263.773
2035-12-21,global_food_wastage_dataset,1011.68,25317.713,21216.277,29419.148
2035-12-22,global_food_wastage_dataset,27660.96,25965.34,21863.904,30066.775
2035-12-23,global_food_wastage_dataset,37063.7,25004.035,20902.6,29105.47
2035-12-24,global_food_wastage_dataset,9529.03,30275.9,26174.465,34377.336
2035-12-25,global_food_wastage_dataset,37980.82,26892.508,22791.072,30993.943
2035-12-26,global_food_wastage_dataset,16122.55,28891.725,24790.29,32993.16
2035-12-27,global_food_wastage_dataset,20978.66,27869.865,23768.43,31971.3
2035-12-28,global_food_wastage_dataset,22494.61,29872.424,25770.988,33973.86
2035-12-29,global_food_wastage_dataset,21227.75,30689.916,26588.48,34791.35
2035-12-30,global_food_wastage_dataset,39111.74,27801.035,23699.6,31902.47
2035-12-31,global_food_wastage_dataset,16164.38,21120.938,17019.502,25222.373
2036-01-01,global_food_wastage_dataset,15736.94,25464.338,21362.902,29565.773
2036-01-02,global_food_wastage_dataset,43821.86,32703.816,28602.38,36805.25
2036-01-03,global_food_wastage_dataset,37480.14,24693.934,20592.498,28795.37
2036-01-04,global_food_wastage_dataset,3823.85,28634.95,24533.514,32736.385
2036-01-05,global_food_wastage_dataset,21318.41,25370.766,21269.33,29472.201
2036-01-06,global_food_wastage_dataset,42859.72,26339.938,22238.502,30441.373
2036-01-07,global_food_wastage_dataset,43304.58,25948.361,21846.926,30049.797
2036-01-08,global_food_wastage_dataset,28093.54,27698.883,23597.447,31800.318
2036-01-09,global_food_wastage_dataset,26293.2,24257.203,20155.768,28358.639
2036-01-10,global_food_wastage_dataset,21236.93,32903.117,28801.682,37004.55
2036-01-11,global_food_wastage_dataset,7047.63,24891.871,20790.436,28993.307
2036-01-12,global_food_wastage_dataset,26444.57,22049.723,17948.287,26151.158
2036-01-13,global_food_wastage_dataset,38866.8,20386.746,16285.311,24488.182
2036-01-14,global_food_wastage_dataset,49872.89,33469.09,29367.654,37570.523
2036-01-15,global_food_wastage_dataset,574.78,28421.156,24319.72,32522.592
2036-01-16,global_food_wastage_dataset,6744.99,36023.215,31921.78,40124.65
2036-01-17,global_food_wastage_dataset,25544.81,29023.742,24922.307,33125.176
2036-01-18,global_food_wastage_dataset,31227.83,20935.889,16834.453,25037.324
2036-01-19,global_food_wastage_dataset,30956.74,23588.13,19486.695,27689.566
2036-01-20,global_food_wastage_dataset,34812.38,22976.973,18875.537,27078.408
2036-01-21,global_food_wastage_dataset,6165.28,23748.96,19647.525,27850.396
2036-01-22,global_food_wastage_dataset,7564.96,29095.734,24994.299,33197.168
2036-01-23,global_food_wastage_dataset,39467.81,24382.877,20281.441,28484.312
2036-01-24,global_food_wastage_dataset,2575.08,18704.082,14602.646,22805.518
2036-01-25,global_food_wastage_dataset,29641.32,28568.348,24466.912,32669.783
2036-01-26,global_food_wastage_dataset,44974.08,21438.008,17336.572,25539.443
2036-01-27,global_food_wastage_dataset,49647.16,23030.89,18929.455,27132.326
2036-01-28,global_food_wastage_dataset,19391.4,32204.697,28103.262,36306.133
2036-01-29,global_food_wastage_dataset,22251.13,27191.24,23089.805,31292.676
2036-01-30,global_food_wastage_dataset,7127.97,30845.455,26744.02,34946.89
2036-01-31,global_food_wastage_dataset,2719.91,24077.74,19976.305,28179.176
2036-02-01,global_food_wastage_dataset,43993.85,20305.34,16203.904,24406.775
2036-02-02,global_food_wastage_dataset,20260.04,22933.453,18832.018,27034.889
2036-02-03,global_food_wastage_dataset,36252.86,16493.943,12392.508,20595.379
2036-02-04,global_food_wastage_dataset,29993.64,27721.252,23619.816,31822.688
2036-02-05,global_food_wastage_dataset,35565.43,26925.914,22824.479,31027.35
2036-02-06,global_food_wastage_dataset,22829.41,17427.979,13326.543,21529.414
2036-02-07,global_food_wastage_dataset,42109.96,28078.184,23976.748,32179.62
2036-02-08,global_food_wastage_dataset,22940.7,27412.969,23311.533,31514.404
2036-02-09,global_food_wastage_dataset,47715.07,24852.09,20750.654,28953.525
2036-02-10,global_food_wastage_dataset,11103.8,22788.625,18687.19,26890.06
2036-02-11,global_food_wastage_dataset,1114.54,26217.39,22115.955,30318.826
2036-02-12,global_food_wastage_dataset,5460.86,19782.316,15680.881,23883.752
2036-02-13,global_food_wastage_dataset,35406.82,17679.756,13578.32,21781.191
2036-02-14,global_food_wastage_dataset,36311.05,11887.322,7785.887,15988.758
2036-02-15,global_food_wastage_dataset,47669.1,25376.754,21275.318,29478.19
2036-02-16,global_food_wastage_dataset,10004.35,25060.691,20959.256,29162.127
2036-02-17,global_food_wastage_dataset,10809.83,20823.97,16722.535,24925.406
2036-02-18,global_food_wastage_dataset,4275.46,30909.445,26808.01,35010.88
2036-02-19,global_food_wastage_dataset,1993.1,31625.379,27523.943,35726.812
2036-02-20,global_food_wastage_dataset,37300.19,21031.611,16930.176,25133.047
2036-02-21,global_food_wastage_dataset,5117.99,14798.797,10697.361,18900.232
2036-02-22,global_food_wastage_dataset,12616.07,30096.375,25994.94,34197.81
2036-02-23,global_food_wastage_dataset,22874.2,30717.203,26615.768,34818.637
2036-02-24,global_food_wastage_dataset,34920.22,28325.824,24224.389,32427.26
2036-02-25,global_food_wastage_dataset,6088.35,14849.376,10747.941,18950.81
2036-02-26,global_food_wastage_dataset,20112.72,17715.684,13614.248,21817.12
2036-02-27,global_food_wastage_dataset,7001.67,25662.883,21561.447,29764.318
2036-02-28,global_food_wastage_dataset,25815.31,27336.227,23234.791,31437.662
2036-02-29,global_food_wastage_dataset,9741.44,22394.574,18293.139,26496.01
2036-03-01,global_food_wastage_dataset,41721.49,25861.912,21760.477,29963.348
2036-03-02,global_food_wastage_dataset,49192.28,23567.922,19466.486,27669.357
2036-03-03,global_food_wastage_dataset,46625.67,17910.148,13808.713,22011.584
2036-03-04,global_food_wastage_dataset,8909.19,17890.273,13788.838,21991.709
2036-03-05,global_food_wastage_dataset,16809.82,24495.58,20394.145,28597.016
2036-03-06,global_food_wastage_dataset,40463.95,19389.777,15288.342,23491.213
2036-03-07,global_food_wastage_dataset,11109.1,26206.484,22105.049,30307.92
2036-03-08,global_food_wastage_dataset,3050.44,16910.174,12808.738,21011.61
2036-03-09,global_food_wastage_dataset,40180.37,27252.918,23151.482,31354.354
2036-03-10,global_food_wastage_dataset,39804.76,28320.184,24218.748,32421.62
2036-03-11,global_food_wastage_dataset,12236.96,27035.373,22933.938,31136.809
2036-03-12,global_food_wastage_dataset,39089.47,24091.322,19989.887,28192.758
2036-03-13,global_food_wastage_dataset,6050.53,21647.238,17545.803,25748.674
2036-03-14,global_food_wastage_dataset,16404.78,22620.502,18519.066,26721.938
2036-03-15,global_food_wastage_dataset,1098.79,29520.707,25419.271,33622.14
2036-03-16,global_food_wastage_dataset,13413.85,32303.852,28202.416,36405.285
2036-03-17,global_food_wastage_dataset,18477.47,10977.073,6875.638,15078.508
2036-03-18,global_food_wastage_dataset,23781.08,31845.766,27744.33,35947.2
2036-03-19,global_food_wastage_dataset,24407.25,21942.96,17841.525,26044.396
2036-03-20,global_food_wastage_dataset,10143.42,16197.736,12096.301,20299.172
2036-03-21,global_food_wastage_dataset,42517.89,25227.066,21125.63,29328.502
2036-03-22,global_food_wastage_dataset,24957.79,30036.318,25934.883,34137.754
2036-03-23,global_food_wastage_dataset,37787.32,22520.953,18419.518,26622.389
2036-03-24,global_food_wastage_dataset,15418.31,19428.207,15326.771,23529.643
2036-03-25,global_food_wastage_dataset,23820.09,23568.451,19467.016,27669.887
2036-03-26,global_food_wastage_dataset,38824.25,21520.994,17419.559,25622.43
2036-03-27,global_food_wastage_dataset,38384.3,22124.32,18022.885,26225.756
2036-03-28,global_food_wastage_dataset,44864.56,23077.64,18976.205,27179.076
2036-03-29,global_food_wastage_dataset,26493.15,21630.877,17529.441,25732.312
2036-03-30,global_food_wastage_dataset,22081.35,21515.29,17413.854,25616.725
2036-03-31,global_food_wastage_dataset,5754.96,30380.102,26278.666,34481.535
2036-04-01,global_food_wastage_dataset,48061.2,24995.531,20894.096,29096.967
2036-04-02,global_food_wastage_dataset,22082.54,18864.432,14762.996,22965.867
2036-04-03,global_food_wastage_dataset,14884.47,25315.018,21213.582,29416.453
2036-04-04,global_food_wastage_dataset,6932.17,27992.803,23891.367,32094.238
2036-04-05,global_food_wastage_dataset,41164.11,19895.695,15794.26,23997.13
2036-04-06,global_food_wastage_dataset,13640.73,25837.373,21735.938,29938.809
2036-04-07,global_food_wastage_dataset,21081.25,22847.861,18746.426,26949.297
2036-04-08,global_food_wastage_dataset,43266.7,32250.277,28148.842,36351.71
2036-04-09,global_food_wastage_dataset,44297.88,23154.63,19053.195,27256.066
2036-04-10,global_food_wastage_dataset,16844.8,19422.184,15320.748,23523.62
2036-04-11,global_food_wastage_dataset,23374.75,25668.482,21567.047,29769.918
2036-04-12,global_food_wastage_dataset,15446.96,32654.492,28553.057,36755.926
2036-04-13,global_food_wastage_dataset,38768.71,29813.213,25711.777,33914.65
2036-04-14,global_food_wastage_dataset,8414.8,30589.615,26488.18,34691.05
2036-04-15,global_food_wastage_dataset,44969.56,22011.225,17909.79,26112.66
2036-04-16,global_food_wastage_dataset,42832.47,27359.826,23258.39,31461.262
2036-04-17,global_food_wastage_dataset,15700.61,26106.76,22005.324,30208.195
2036-04-18,global_food_wastage_dataset,19268.21,26231.996,22130.56,30333.432
2036-04-19,global_food_wastage_dataset,25412.81,22936.377,18834.941,27037.812
2036-04-20,global_food_wastage_dataset,24491.1,26668.621,22567.186,30770.057
2036-04-21,global_food_wastage_dataset,3072.05,21540.004,17438.568,25641.44
2036-04-22,global_food_wastage_dataset,18698.62,21182.203,17080.768,25283.639
2036-04-23,global_food_wastage_dataset,33887.03,21808.541,17707.105,25909.977
2036-04-24,global_food_wastage_dataset,12211.81,27312.516,23211.08,31413.951
2036-04-25,global_food_wastage_dataset,38347.96,22938.25,18836.814,27039.686
2036-04-26,global_food_wastage_dataset,21201.55,24254.477,20153.041,28355.912
2036-04-27,global_food_wastage_dataset,607.89,24223.535,20122.1,28324.97
2036-04-28,global_food_wastage_dataset,35936.68,36271.78,32170.346,40373.215
2036-04-29,global_food_wastage_dataset,19452.21,30524.379,26422.943,34625.812
2036-04-30,global_food_wastage_dataset,37128.77,25180.129,21078.693,29281.564
2036-05-01,global_food_wastage_dataset,45845.58,24916.559,20815.123,29017.994
2036-05-02,global_food_wastage_dataset,8534.59,22410.53,18309.094,26511.965
2036-05-03,global_food_wastage_dataset,20087.93,25474.838,21373.402,29576.273
2036-05-04,global_food_wastage_dataset,15663.37,27255.232,23153.797,31356.668
2036-05-05,global_food_wastage_dataset,21755.05,24367.73,20266.295,28469.166
2036-05-06,global_food_wastage_dataset,17611.63,29261.54,25160.104,33362.973
2036-05-07,global_food_wastage_dataset,22620.3,28026.75,23925.314,32128.186
2036-05-08,global_food_wastage_dataset,16001.7,28364.25,24262.814,32465.686
2036-05-09,global_food_wastage_dataset,2912.85,27734.78,23633.344,31836.215
2036-05-10,global_food_wastage_dataset,24341.89,24863.365,20761.93,28964.8
2036-05-11,global_food_wastage_dataset,21153.26,27309.988,23208.553,31411.424
2036-05-12,global_food_wastage_dataset,16980.14,25702.486,21601.05,29803.922
2036-05-13,global_food_wastage_dataset,39094.08,27430.8,23329.365,31532.236
2036-05-14,global_food_wastage_dataset,10883.89,26266.389,22164.953,30367.824
2036-05-15,global_food_wastage_dataset,33202.63,21309.314,17207.879,25410.75
2036-05-16,global_food_wastage_dataset,17404.36,16839.465,12738.029,20940.9
2036-05-17,global_food_wastage_dataset,33314.43,26657.383,22555.947,30758.818
2036-05-18,global_food_wastage_dataset,21911.61,27516.988,23415.553,31618.424
2036-05-19,global_food_wastage_dataset,38769.45,27536.703,23435.268,31638.139
2036-05-20,global_food_wastage_dataset,20356.45,28336.277,24234.842,32437.713
2036-05-21,global_food_wastage_dataset,2485.8,22268.95,18167.514,26370.385
2036-05-22,global_food_wastage_dataset,17005.27,23568.736,19467.3,27670.172
2036-05-23,global_food_wastage_dataset,30718.53,25523.217,21421.781,29624.652
2036-05-24,global_food_wastage_dataset,14187.7,20261.428,16159.992,24362.863
2036-05-25,global_food_wastage_dataset,23321.82,19131.281,15029.846,23232.717
2036-05-26,global_food_wastage_dataset,20115.81,23246.525,19145.09,27347.96
2036-05-27,global_food_wastage_dataset,32024.64,28719.098,24617.662,32820.53
2036-05-28,global_food_wastage_dataset,48787.45,21543.23,17441.795,25644.666
2036-05-29,global_food_wastage_dataset,36925.48,20877.564,16776.129,24979.0
2036-05-30,global_food_wastage_dataset,43274.46,29376.066,25274.63,33477.5
2036-05-31,global_food_wastage_dataset,35824.19,20409.809,16308.373,24511.244
2036-06-01,global_food_wastage_dataset,42070.19,19377.148,15275.713,23478.584
2036-06-02,global_food_wastage_dataset,1947.27,20597.76,16496.324,24699.195
2036-06-03,global_food_wastage_dataset,24548.23,20638.467,16537.031,24739.902
2036-06-04,global_food_wastage_dataset,19627.11,29661.744,25560.309,33763.18
2036-06-05,global_food_wastage_dataset,15155.89,23166.383,19064.947,27267.818
2036-06-06,global_food_wastage_dataset,6031.18,25463.281,21361.846,29564.717
2036-06-07,global_food_wastage_dataset,37390.07,25176.326,21074.89,29277.762
2036-06-08,global_food_wastage_dataset,11625.88,20673.709,16572.273,24775.145
2036-06-09,global_food_wastage_dataset,31844.6,33355.76,29254.326,37457.195
2036-06-10,global_food_wastage_dataset,29791.77,21837.535,17736.1,25938.97
2036-06-11,global_food_wastage_dataset,2849.62,30699.506,26598.07,34800.94
2036-06-12,global_food_wastage_dataset,16834.41,22457.209,18355.773,26558.645
2036-06-13,global_food_wastage_dataset,23852.66,23237.229,19135.793,27338.664
2036-06-14,global_food_wastage_dataset,41121.8,28081.39,23979.955,32182.826
2036-06-15,global_food_wastage_dataset,15544.31,27197.74,23096.305,31299.176
2036-06-16,global_food_wastage_dataset,47699.32,23603.504,19502.068,27704.94
2036-06-17,global_food_wastage_dataset,1204.73,27807.473,23706.037,31908.908
2036-06-18,global_food_wastage_dataset,8043.25,22609.014,18507.578,26710.45
2036-06-19,global_food_wastage_dataset,1035.72,23977.611,19876.176,28079.047
2036-06-20,global_food_wastage_dataset,9253.38,28354.959,24253.523,32456.395
2036-06-21,global_food_wastage_dataset,33622.66,21042.275,16940.84,25143.71
2036-06-22,global_food_wastage_dataset,31651.36,24072.432,19970.996,28173.867
2036-06-23,global_food_wastage_dataset,17989.06,30374.734,26273.299,34476.168
2036-06-24,global_food_wastage_dataset,18095.43,21440.61,17339.174,25542.045
2036-06-25,global_food_wastage_dataset,22099.49,22324.879,18223.443,26426.314
2036-06-26,global_food_wastage_dataset,48239.94,31780.549,27679.113,35881.984
2036-06-27,global_food_wastage_dataset,49902.88,28745.078,24643.643,32846.51
2036-06-28,global_food_wastage_dataset,13833.6,22507.951,18406.516,26609.387
2036-06-29,global_food_wastage_dataset,28246.37,31382.555,27281.12,35483.99
2036-06-30,global_food_wastage_dataset,24162.4,31909.697,27808.262,36011.133
2036-07-01,global_food_wastage_dataset,40155.35,25454.666,21353.23,29556.102
2036-07-02,global_food_wastage_dataset,26004.03,26710.633,22609.197,30812.068
2036-07-03,global_food_wastage_dataset,9049.12,23365.459,19264.023,27466.895
2036-07-04,global_food_wastage_dataset,10519.94,22763.557,18662.121,26864.992
2036-07-05,global_food_wastage_dataset,46663.86,23353.957,19252.521,27455.393
2036-07-06,global_food_wastage_dataset,16288.16,25711.406,21609.97,29812.842
2036-07-07,global_food_wastage_dataset,47786.37,28234.094,24132.658,32335.53
2036-07-08,global_food_wastage_dataset,34744.9,22982.799,18881.363,27084.234
2036-07-09,global_food_wastage_dataset,19279.87,25242.97,21141.535,29344.406
2036-07-10,global_food_wastage_dataset,31951.48,23146.334,19044.898,27247.77
2036-07-11,global_food_wastage_dataset,32986.36,27420.965,23319.53,31522.4
2036-07-12,global_food_wastage_dataset,20510.13,30475.904,26374.469,34577.34
2036-07-13,global_food_wastage_dataset,40051.48,26853.633,22752.197,30955.068
2036-07-14,global_food_wastage_dataset,40755.53,27252.285,23150.85,31353.72
2036-07-15,global_food_wastage_dataset,4995.36,20352.36,16250.924,24453.795
2036-07-16,global_food_wastage_dataset,39454.31,24506.133,20404.697,28607.568
2036-07-17,global_food_wastage_dataset,38507.89,24310.383,20208.947,28411.818
2036-07-18,global_food_wastage_dataset,14359.43,23168.861,19067.426,27270.297
2036-07-19,global_food_wastage_dataset,13810.52,29265.467,25164.031,33366.902
2036-07-20,global_food_wastage_dataset,7791.46,26329.1,22227.664,30430.535
2036-07-21,global_food_wastage_dataset,10487.16,24684.045,20582.61,28785.48
2036-07-22,global_food_wastage_dataset,21160.88,25569.889,21468.453,29671.324
2036-07-23,global_food_wastage_dataset,20939.65,26012.998,21911.562,30114.434
2036-07-24,global_food_wastage_dataset,5223.14,29547.611,25446.176,33649.047
2036-07-25,global_food_wastage_dataset,35504.92,17752.83,13651.395,21854.266
2036-07-26,global_food_wastage_dataset,23158.51,29622.523,25521.088,33723.957
2036-07-27,global_food_wastage_dataset,42006.8,30419.412,26317.977,34520.848
2036-07-28,global_food_wastage_dataset,43258.42,22647.035,18545.6,26748.47
2036-07-29,global_food_wastage_dataset,35962.34,25544.338,21442.902,29645.773
2036-07-30,global_food_wastage_dataset,30280.23,23265.26,19163.824,27366.695
2036-07-31,global_food_wastage_dataset,45488.89,19429.055,15327.619,23530.49
2036-08-01,global_food_wastage_dataset,672.51,25429.684,21328.248,29531.12
2036-08-02,global_food_wastage_dataset,10355.42,32185.914,28084.479,36287.348
2036-08-03,global_food_wastage_dataset,16837.17,26141.19,22039.754,30242.625
2036-08-04,global_food_wastage_dataset,46265.68,23784.545,19683.11,27885.98
2036-08-05,global_food_wastage_dataset,29303.89,28985.525,24884.09,33086.96
2036-08-06,global_food_wastage_dataset,18642.51,26979.826,22878.39,31081.262
2036-08-07,global_food_wastage_dataset,20177.39,30407.564,26306.129,34509.0
2036-08-08,global_food_wastage_dataset,4497.26,31099.693,26998.258,35201.13
2036-08-09,global_food_wastage_dataset,26319.97,17613.684,13512.248,21715.12
2036-08-10,global_food_wastage_dataset,6677.64,21790.086,17688.65,25891.521
2036-08-11,global_food_wastage_dataset,14744.2,36384.84,32283.404,40486.273
2036-08-12,global_food_wastage_dataset,3330.42,20073.12,15971.684,24174.555
2036-08-13,global_food_wastage_dataset,22836.46,35476.57,31375.135,39578.004
2036-08-14,global_food_wastage_dataset,23264.75,24100.94,19999.504,28202.375
2036-08-15,global_food_wastage_dataset,37820.84,24358.604,20257.168,28460.04
2036-08-16,global_food_wastage_dataset,42201.42,21541.512,17440.076,25642.947
2036-08-17,global_food_wastage_dataset,22500.01,20813.139,16711.703,24914.574
2036-08-18,global_food_wastage_dataset,16867.83,23990.715,19889.28,28092.15
2036-08-19,global_food_wastage_dataset,43058.71,24323.674,20222.238,28425.11
2036-08-20,global_food_wastage_dataset,28541.94,21844.107,17742.672,25945.543
2036-08-21,global_food_wastage_dataset,5307.21,18760.336,14658.9,22861.771
2036-08-22,global_food_wastage_dataset,9322.17,21727.164,17625.729,25828.6
2036-08-23,global_food_wastage_dataset,33284.79,21089.297,16987.861,25190.732
2036-08-24,global_food_wastage_dataset,34680.0,17548.75,13447.314,21650.186
2036-08-25,global_food_wastage_dataset,42830.12,29621.596,25520.16,33723.03
2036-08-26,global_food_wastage_dataset,11217.16,27238.152,23136.717,31339.588
2036-08-27,global_food_wastage_dataset,7220.82,26737.17,22635.734,30838.605
2036-08-28,global_food_wastage_dataset,35663.6,25659.105,21557.67,29760.541
2036-08-29,global_food_wastage_dataset,27667.38,20768.027,16666.592,24869.463
2036-08-30,global_food_wastage_dataset,31850.76,23617.633,19516.197,27719.068
2036-08-31,global_food_wastage_dataset,2082.38,26414.951,22313.516,30516.387
2036-09-01,global_food_wastage_dataset,49249.34,22261.715,18160.28,26363.15
2036-09-02,global_food_wastage_dataset,47066.77,25082.69,20981.254,29184.125
2036-09-03,global_food_wastage_dataset,20312.93,21364.885,17263.45,25466.32
2036-09-04,global_food_wastage_dataset,17942.49,33625.074,29523.639,37726.508
2036-09-05,global_food_wastage_dataset,4876.65,34427.656,30326.22,38529.09
2036-09-06,global_food_wastage_dataset,37365.34,24415.662,20314.227,28517.098
2036-09-07,global_food_wastage_dataset,4270.43,28444.674,24343.238,32546.11
2036-09-08,global_food_wastage_dataset,39853.72,24073.91,19972.475,28175.346
2036-09-09,global_food_wastage_dataset,47563.03,27500.795,23399.36,31602.23
2036-09-10,global_food_wastage_dataset,29183.93,17961.05,13859.615,22062.486
2036-09-11,global_food_wastage_dataset,25255.13,29858.816,25757.38,33960.25
2036-09-12,global_food_wastage_dataset,35026.38,31420.752,27319.316,35522.188
2036-09-13,global_food_wastage_dataset,4781.44,20548.182,16446.746,24649.617
2036-09-14,global_food_wastage_dataset,25698.19,18462.48,14361.045,22563.916
2036-09-15,global_food_wastage_dataset,4292.19,22599.305,18497.87,26700.74
2036-09-16,global_food_wastage_dataset,31178.13,21137.965,17036.53,25239.4
2036-09-17,global_food_wastage_dataset,48884.83,19094.422,14992.986,23195.857
2036-09-18,global_food_wastage_dataset,37990.58,25741.014,21639.578,29842.45
2036-09-19,global_food_wastage_dataset,31665.64,27595.021,23493.586,31696.457
2036-09-20,global_food_wastage_dataset,40014.07,31502.95,27401.514,35604.383
2036-09-21,global_food_wastage_dataset,49545.19,27598.496,23497.06,31699.932
2036-09-22,global_food_wastage_dataset,25607.05,12459.192,8357.758,16560.627
2036-09-23,global_food_wastage_dataset,24563.9,29499.744,25398.309,33601.18
2036-09-24,global_food_wastage_dataset,7295.93,26008.266,21906.83,30109.701
2036-09-25,global_food_wastage_dataset,29204.96,21606.041,17504.605,25707.477
2036-09-26,global_food_wastage_dataset,22938.77,21264.531,17163.096,25365.967
2036-09-27,global_food_wastage_dataset,31680.84,26223.34,22121.904,30324.775
2036-09-28,global_food_wastage_dataset,35501.37,22685.244,18583.809,26786.68
2036-09-29,global_food_wastage_dataset,49471.83,24425.643,20324.207,28527.078
2036-09-30,global_food_wastage_dataset,32441.69,21540.709,17439.273,25642.145
2036-10-01,global_food_wastage_dataset,31959.38,24412.861,20311.426,28514.297
2036-10-02,global_food_wastage_dataset,35838.42,23913.92,19812.484,28015.355
2036-10-03,global_food_wastage_dataset,49068.87,19725.72,15624.285,23827.156
2036-10-04,global_food_wastage_dataset,29925.45,19215.668,15114.232,23317.104
2036-10-05,global_food_wastage_dataset,12152.83,29056.844,24955.408,33158.277
2036-10-06,global_food_wastage_dataset,47893.14,22388.227,18286.791,26489.662
2036-10-07,global_food_wastage_dataset,49782.61,19794.447,15693.012,23895.883
2036-10-08,global_food_wastage_dataset,47003.82,27962.57,23861.135,32064.006
2036-10-09,global_food_wastage_dataset,4052.81,21262.174,17160.738,25363.61
2036-10-10,global_food_wastage_dataset,12756.11,31780.35,27678.914,35881.785
2036-10-11,global_food_wastage_dataset,16279.53,23674.688,19573.252,27776.123
2036-10-12,global_food_wastage_dataset,4964.13,21960.223,17858.787,26061.658
2036-10-13,global_food_wastage_dataset,39301.42,27673.533,23572.098,31774.969
2036-10-14,global_food_wastage_dataset,4707.93,28794.693,24693.258,32896.13
2036-10-15,global_food_wastage_dataset,47313.98,28322.4,24220.965,32423.836
2036-10-16,global_food_wastage_dataset,26834.02,28883.525,24782.09,32984.96
2036-10-17,global_food_wastage_dataset,10344.1,21880.385,17778.95,25981.82
2036-10-18,global_food_wastage_dataset,45074.35,30993.762,26892.326,35095.195
2036-10-19,global_food_wastage_dataset,29670.13,20950.645,16849.209,25052.08
2036-10-20,global_food_wastage_dataset,8062.96,27437.09,23335.654,31538.525
2036-10-21,global_food_wastage_dataset,9355.97,23820.227,19718.791,27921.662
2036-10-22,global_food_wastage_dataset,10249.28,18668.12,14566.684,22769.555
2036-10-23,global_food_wastage_dataset,47030.67,28171.81,24070.375,32273.246
2036-10-24,global_food_wastage_dataset,3365.39,22863.97,18762.535,26965.406
2036-10-25,global_food_wastage_dataset,11269.07,22448.828,18347.393,26550.264
2036-10-26,global_food_wastage_dataset,17898.72,21683.652,17582.217,25785.088
2036-10-27,global_food_wastage_dataset,39451.22,31984.791,27883.355,36086.227
2036-10-28,global_food_wastage_dataset,27169.14,22636.963,18535.527,26738.398
2036-10-29,global_food_wastage_dataset,17975.33,26710.396,22608.96,30811.832
2036-10-30,global_food_wastage_dataset,4529.47,24353.133,20251.697,28454.568
2036-10-31,global_food_wastage_dataset,46977.59,28729.648,24628.213,32831.082
2036-11-01,global_food_wastage_dataset,36629.83,27508.576,23407.14,31610.012
2036-11-02,global_food_wastage_dataset,44685.41,24886.713,20785.277,28988.148
2036-11-03,global_food_wastage_dataset,33797.33,19651.45,15550.014,23752.885
2036-11-04,global_food_wastage_dataset,33889.65,30992.455,26891.02,35093.89
2036-11-05,global_food_wastage_dataset,32671.47,27238.623,23137.188,31340.059
2036-11-06,global_food_wastage_dataset,10015.2,29418.902,25317.467,33520.336
2036-11-07,global_food_wastage_dataset,4019.68,26594.709,22493.273,30696.145
2036-11-08,global_food_wastage_dataset,2912.45,27120.52,23019.084,31221.955
2036-11-09,global_food_wastage_dataset,47424.14,23019.416,18917.98,27120.852
2036-11-10,global_food_wastage_dataset,13833.1,30382.834,26281.398,34484.27
2036-11-11,global_food_wastage_dataset,32583.11,23733.084,19631.648,27834.52
2036-11-12,global_food_wastage_dataset,29592.06,28977.809,24876.373,33079.242
2036-11-13,global_food_wastage_dataset,40479.95,23119.338,19017.902,27220.773
2036-11-14,global_food_wastage_dataset,19435.29,26813.725,22712.29,30915.16
2036-11-15,global_food_wastage_dataset,21718.22,27042.355,22940.92,31143.791
2036-11-16,global_food_wastage_dataset,33486.25,27145.096,23043.66,31246.531
2036-11-17,global_food_wastage_dataset,14355.23,28401.62,24300.184,32503.055
2036-11-18,global_food_wastage_dataset,4458.37,24603.46,20502.025,28704.896
2036-11-19,global_food_wastage_dataset,36769.1,24062.781,19961.346,28164.217
2036-11-20,global_food_wastage_dataset,6464.98,23473.545,19372.11,27574.98
2036-11-21,global_food_wastage_dataset,12988.33,32397.346,28295.91,36498.78
2036-11-22,global_food_wastage_dataset,49203.54,26997.57,22896.135,31099.006
2036-11-23,global_food_wastage_dataset,43998.58,26755.906,22654.47,30857.342
2036-11-24,global_food_wastage_dataset,33815.51,21517.36,17415.924,25618.795
2036-11-25,global_food_wastage_dataset,9704.27,29357.67,25256.234,33459.105
2036-11-26,global_food_wastage_dataset,49271.3,32511.184,28409.748,36612.617
2036-11-27,global_food_wastage_dataset,10437.43,18200.412,14098.977,22301.848
2036-11-28,global_food_wastage_dataset,34322.22,24779.062,20677.627,28880.498
2036-11-29,global_food_wastage_dataset,16263.94,18650.016,14548.58,22751.451
2036-11-30,global_food_wastage_dataset,33599.83,23955.107,19853.672,28056.543
2036-12-01,global_food_wastage_dataset,9308.22,26753.402,22651.967,30854.838
2036-12-02,global_food_wastage_dataset,47506.32,27266.582,23165.146,31368.018
2036-12-03,global_food_wastage_dataset,15275.11,29009.51,24908.074,33110.945
2036-12-04,global_food_wastage_dataset,4339.55,21257.932,17156.496,25359.367
2036-12-05,global_food_wastage_dataset,46852.41,23723.242,19621.807,27824.678
2036-12-06,global_food_wastage_dataset,6084.82,26262.066,22160.63,30363.502
2036-12-07,global_food_wastage_dataset,49863.6,22140.723,18039.287,26242.158
2036-12-08,global_food_wastage_dataset,16017.19,16211.4795,12110.045,20312.914
2036-12-09,global_food_wastage_dataset,8211.7,32309.025,28207.59,36410.46
2036-12-10,global_food_wastage_dataset,29421.12,30033.232,25931.797,34134.668
2036-12-11,global_food_wastage_dataset,11494.16,19361.588,15260.152,23463.023
2036-12-12,global_food_wastage_dataset,24621.86,25173.506,21072.07,29274.941
2036-12-13,global_food_wastage_dataset,39736.58,24775.143,20673.707,28876.578
2036-12-14,global_food_wastage_dataset,19182.27,24231.75,20130.314,28333.186
2036-12-15,global_food_wastage_dataset,24201.12,20896.547,16795.111,24997.982
2036-12-16,global_food_wastage_dataset,21391.07,28735.123,24633.688,32836.56
2036-12-17,global_food_wastage_dataset,32429.6,25226.918,21125.482,29328.354
2036-12-18,global_food_wastage_dataset,34148.49,25604.963,21503.527,29706.398
2036-12-19,global_food_wastage_dataset,40309.07,29900.088,25798.652,34001.523
2036-12-20,global_food_wastage_dataset,23760.35,25605.941,21504.506,29707.377
2036-12-21,global_food_wastage_dataset,25155.81,26992.559,22891.123,31093.994
2036-12-22,global_food_wastage_dataset,12323.57,32669.021,28567.586,36770.457
2036-12-23,global_food_wastage_dataset,23809.33,27554.188,23452.752,31655.623
2036-12-24,global_food_wastage_dataset,30648.13,28871.842,24770.406,32973.277
2036-12-25,global_food_wastage_dataset,36439.38,27496.762,23395.326,31598.197
2036-12-26,global_food_wastage_dataset,24879.69,32532.59,28431.154,36634.023
2036-12-27,global_food_wastage_dataset,2899.9,29254.953,25153.518,33356.387
2036-12-28,global_food_wastage_dataset,15025.78,29912.018,25810.582,34013.453
2036-12-29,global_food_wastage_dataset,28866.29,25277.223,21175.787,29378.658
2036-12-30,global_food_wastage_dataset,36615.48,26857.207,22755.771,30958.643
2036-12-31,global_food_wastage_dataset,7438.05,26914.496,22813.06,31015.932
2037-01-01,global_food_wastage_dataset,39808.6,32521.22,28419.785,36622.656
2037-01-02,global_food_wastage_dataset,16549.79,26604.723,22503.287,30706.158
2037-01-03,global_food_wastage_dataset,17589.93,23610.596,19509.16,27712.031
2037-01-04,global_food_wastage_dataset,31678.47,28109.875,24008.44,32211.31
2037-01-05,global_food_wastage_dataset,43728.47,33954.375,29852.94,38055.81
2037-01-06,global_food_wastage_dataset,16309.66,30278.016,26176.58,34379.45
2037-01-07,global_food_wastage_dataset,41045.65,24905.871,20804.436,29007.307
2037-01-08,global_food_wastage_dataset,41093.25,23909.398,19807.963,28010.834
2037-01-09,global_food_wastage_dataset,1272.94,25719.225,21617.79,29820.66
2037-01-10,global_food_wastage_dataset,45457.1,22513.697,18412.262,26615.133
2037-01-11,global_food_wastage_dataset,36219.97,18726.5,14625.064,22827.936
2037-01-12,global_food_wastage_dataset,16907.04,27631.938,23530.502,31733.373
2037-01-13,global_food_wastage_dataset,8544.62,26291.24,22189.805,30392.676
2037-01-14,global_food_wastage_dataset,7656.09,25232.34,21130.904,29333.775
2037-01-15,global_food_wastage_dataset,1056.36,21398.002,17296.566,25499.438
2037-01-16,global_food_wastage_dataset,22461.34,32251.77,28150.334,36353.203
2037-01-17,global_food_wastage_dataset,25304.57,29471.74,25370.305,33573.176
2037-01-18,global_food_wastage_dataset,47590.1,28031.117,23929.682,32132.553
2037-01-19,global_food_wastage_dataset,1580.0,28005.484,23904.049,32106.92
2037-01-20,global_food_wastage_dataset,8603.66,27409.055,23307.62,31510.49
2037-01-21,global_food_wastage_dataset,6545.0,24360.184,20258.748,28461.62
2037-01-22,global_food_wastage_dataset,3919.77,30210.453,26109.018,34311.887
2037-01-23,global_food_wastage_dataset,1042.95,19473.041,15371.605,23574.477
2037-01-24,global_food_wastage_dataset,33238.1,25075.479,20974.043,29176.914
2037-01-25,global_food_wastage_dataset,1018.55,18016.307,13914.871,22117.742
2037-01-26,global_food_wastage_dataset,6861.18,25167.916,21066.48,29269.352
2037-01-27,global_food_wastage_dataset,14551.06,19767.982,15666.547,23869.418
2037-01-28,global_food_wastage_dataset,41492.82,26122.201,22020.766,30223.637
2037-01-29,global_food_wastage_dataset,5040.46,14091.211,9989.775,18192.646
2037-01-30,global_food_wastage_dataset,47943.19,18576.703,14475.268,22678.139
2037-01-31,global_food_wastage_dataset,4161.03,21720.016,17618.58,25821.451
2037-02-01,global_food_wastage_dataset,21072.9,23541.686,19440.25,27643.121
2037-02-02,global_food_wastage_dataset,32673.37,25847.75,21746.314,29949.186
2037-02-03,global_food_wastage_dataset,8462.09,13199.889,9098.453,17301.324
2037-02-04,global_food_wastage_dataset,22568.53,22432.21,18330.775,26533.646
2037-02-05,global_food_wastage_dataset,27620.4,22037.459,17936.023,26138.895
2037-02-06,global_food_wastage_dataset,15199.18,19099.248,14997.8125,23200.684
2037-02-07,global_food_wastage_dataset,18881.51,22834.26,18732.824,26935.695
2037-02-08,global_food_wastage_dataset,43837.31,18210.623,14109.1875,22312.059
2037-02-09,global_food_wastage_dataset,3551.88,25330.93,21229.494,29432.365
2037-02-10,global_food_wastage_dataset,24249.02,28091.06,23989.625,32192.496
2037-02-11,global_food_wastage_dataset,13016.6,26700.621,22599.186,30802.057
2037-02-12,global_food_wastage_dataset,40603.04,28602.463,24501.027,32703.898
2037-02-13,global_food_wastage_dataset,36988.46,28386.508,24285.072,32487.943
2037-02-14,global_food_wastage_dataset,9874.63,19032.615,14931.18,23134.05
2037-02-15,global_food_wastage_dataset,45343.46,21499.02,17397.584,25600.455
2037-02-16,global_food_wastage_dataset,16718.19,25547.848,21446.412,29649.283
2037-02-17,global_food_wastage_dataset,36202.22,30375.791,26274.355,34477.227
2037-02-18,global_food_wastage_dataset,11210.4,25951.87,21850.434,30053.305
2037-02-19,global_food_wastage_dataset,28090.89,21278.898,17177.463,25380.334
2037-02-20,global_food_wastage_dataset,44697.57,29277.59,25176.154,33379.023
2037-02-21,global_food_wastage_dataset,30397.21,25225.514,21124.078,29326.95
2037-02-22,global_food_wastage_dataset,29863.47,22103.781,18002.346,26205.217
2037-02-23,global_food_wastage_dataset,39721.62,28365.53,24264.094,32466.965
2037-02-24,global_food_wastage_dataset,9405.13,20581.04,16479.604,24682.475
2037-02-25,global_food_wastage_dataset,26713.77,26303.105,22201.67,30404.541
2037-02-26,global_food_wastage_dataset,36704.46,30637.398,26535.963,34738.832
2037-02-27,global_food_wastage_dataset,11952.27,21402.785,17301.35,25504.22
2037-02-28,global_food_wastage_dataset,39421.13,23420.836,19319.4,27522.271
2037-03-01,global_food_wastage_dataset,667.04,27266.352,23164.916,31367.787
2037-03-02,global_food_wastage_dataset,10757.54,29214.47,25113.035,33315.906
2037-03-03,global_food_wastage_dataset,18732.3,25407.564,21306.129,29509.0
2037-03-04,global_food_wastage_dataset,1914.02,29535.268,25433.832,33636.703
2037-03-05,global_food_wastage_dataset,21483.66,26812.424,22710.988,30913.86
2037-03-06,global_food_wastage_dataset,49946.21,23310.088,19208.652,27411.523
2037-03-07,global_food_wastage_dataset,6212.51,30240.496,26139.06,34341.93
2037-03-08,global_food_wastage_dataset,49510.25,19328.838,15227.402,23430.273
2037-03-09,global_food_wastage_dataset,47129.75,31155.088,27053.652,35256.523
2037-03-10,global_food_wastage_dataset,19512.89,24991.613,20890.178,29093.049
2037-03-11,global_food_wastage_dataset,16497.28,21859.71,17758.275,25961.146
2037-03-12,global_food_wastage_dataset,30320.54,26440.516,22339.08,30541.951
2037-03-13,global_food_wastage_dataset,47255.72,21279.697,17178.262,25381.133
2037-03-14,global_food_wastage_dataset,14103.65,23468.89,19367.455,27570.326
2037-03-15,global_food_wastage_dataset,5518.25,18490.8,14389.365,22592.236
2037-03-16,global_food_wastage_dataset,37173.95,25834.045,21732.61,29935.48
2037-03-17,global_food_wastage_dataset,16056.57,24718.559,20617.123,28819.994
2037-03-18,global_food_wastage_dataset,43182.89,19088.432,14986.996,23189.867
2037-03-19,global_food_wastage_dataset,6713.85,21097.967,16996.531,25199.402
2037-03-20,global_food_wastage_dataset,8065.52,24800.59,20699.154,28902.025
2037-03-21,global_food_wastage_dataset,25329.17,26877.922,22776.486,30979.357
2037-03-22,global_food_wastage_dataset,15099.47,23898.787,19797.352,28000.223
2037-03-23,global_food_wastage_dataset,30285.61,27766.38,23664.945,31867.816
2037-03-24,global_food_wastage_dataset,13471.66,29077.836,24976.4,33179.27
2037-03-25,global_food_wastage_dataset,45275.35,25175.979,21074.543,29277.414
2037-03-26,global_food_wastage_dataset,16567.1,24670.523,20569.088,28771.959
2037-03-27,global_food_wastage_dataset,6622.48,25985.9,21884.465,30087.336
2037-03-28,global_food_wastage_dataset,16879.87,23787.594,19686.158,27889.03
2037-03-29,global_food_wastage_dataset,25419.74,25156.992,21055.557,29258.428
2037-03-30,global_food_wastage_dataset,39497.4,27157.92,23056.484,31259.355
2037-03-31,global_food_wastage_dataset,37020.22,26787.76,22686.324,30889.195
2037-04-01,global_food_wastage_dataset,31221.6,20149.268,16047.832,24250.703
2037-04-02,global_food_wastage_dataset,18014.05,24507.773,20406.338,28609.209
2037-04-03,global_food_wastage_dataset,8193.05,27228.572,23127.137,31330.008
2037-04-04,global_food_wastage_dataset,39440.62,28777.41,24675.975,32878.844
2037-04-05,global_food_wastage_dataset,46386.41,22512.283,18410.848,26613.719
2037-04-06,global_food_wastage_dataset,32792.41,24352.934,20251.498,28454.37
2037-04-07,global_food_wastage_dataset,25597.33,21304.36,17202.924,25405.795
2037-04-08,global_food_wastage_dataset,38598.67,25048.107,20946.672,29149.543
2037-04-09,global_food_wastage_dataset,44297.49,26799.133,22697.697,30900.568
2037-04-10,global_food_wastage_dataset,33111.42,20595.355,16493.92,24696.791
2037-04-11,global_food_wastage_dataset,21762.42,24046.004,19944.568,28147.44
2037-04-12,global_food_wastage_dataset,19923.11,27343.508,23242.072,31444.943
2037-04-13,global_food_wastage_dataset,8853.71,26781.775,22680.34,30883.21
2037-04-14,global_food_wastage_dataset,23188.93,21605.936,17504.5,25707.371
2037-04-15,global_food_wastage_dataset,14342.41,26776.285,22674.85,30877.72
2037-04-16,global_food_wastage_dataset,20022.83,26107.627,22006.191,30209.062
2037-04-17,global_food_wastage_dataset,32016.16,27032.936,22931.5,31134.371
2037-04-18,global_food_wastage_dataset,14909.86,26108.783,22007.348,30210.219
2037-04-19,global_food_wastage_dataset,47238.43,21213.848,17112.412,25315.283
2037-04-20,global_food_wastage_dataset,40990.98,29135.426,25033.99,33236.86
2037-04-21,global_food_wastage_dataset,48342.31,27534.783,23433.348,31636.219
2037-04-22,global_food_wastage_dataset,27412.82,24864.64,20763.205,28966.076
2037-04-23,global_food_wastage_dataset,17108.77,24536.31,20434.875,28637.746
2037-04-24,global_food_wastage_dataset,40762.09,29069.545,24968.11,33170.98
2037-04-25,global_food_wastage_dataset,40765.37,22727.055,18625.62,26828.49
2037-04-26,global_food_wastage_dataset,27778.91,18778.232,14676.797,22879.668
2037-04-27,global_food_wastage_dataset,26032.71,30045.7,25944.264,34147.133
2037-04-28,global_food_wastage_dataset,900.67,27295.186,23193.75,31396.621
2037-04-29,global_food_wastage_dataset,1268.6,23486.688,19385.252,27588.123
2037-04-30,global_food_wastage_dataset,39051.33,20189.072,16087.637,24290.508
2037-05-01,global_food_wastage_dataset,49147.86,21086.963,16985.527,25188.398
2037-05-02,global_food_wastage_dataset,40906.29,22571.826,18470.39,26673.262
2037-05-03,global_food_wastage_dataset,29351.78,26950.684,22849.248,31052.12
2037-05-04,global_food_wastage_dataset,23977.63,30453.947,26352.512,34555.383
2037-05-05,global_food_wastage_dataset,31553.1,36577.637,32476.201,40679.07
2037-05-06,global_food_wastage_dataset,14970.85,22709.672,18608.236,26811.107
2037-05-07,global_food_wastage_dataset,45805.21,24311.305,20209.87,28412.74
2037-05-08,global_food_wastage_dataset,19242.47,20868.807,16767.371,24970.242
2037-05-09,global_food_wastage_dataset,25144.22,26852.617,22751.182,30954.053
2037-05-10,global_food_wastage_dataset,31031.85,28658.695,24557.26,32760.13
2037-05-11,global_food_wastage_dataset,21861.61,27614.707,23513.271,31716.143
2037-05-12,global_food_wastage_dataset,26751.05,25846.875,21745.44,29948.31
2037-05-13,global_food_wastage_dataset,28209.01,20613.568,16512.133,24715.004
2037-05-14,global_food_wastage_dataset,774.9,20164.283,16062.848,24265.719
2037-05-15,global_food_wastage_dataset,19787.0,21175.895,17074.459,25277.33
2037-05-16,global_food_wastage_dataset,37668.6,22680.203,18578.768,26781.639
2037-05-17,global_food_wastage_dataset,12845.61,28534.168,24432.732,32635.604
2037-05-18,global_food_wastage_dataset,27669.02,18056.23,13954.795,22157.666
2037-05-19,global_food_wastage_dataset,22616.21,24496.236,20394.8,28597.672
2037-05-20,global_food_wastage_dataset,2742.85,29248.531,25147.096,33349.965
2037-05-21,global_food_wastage_dataset,29731.2,24404.51,20303.074,28505.945
2037-05-22,global_food_wastage_dataset,15441.12,29650.715,25549.28,33752.15
2037-05-23,global_food_wastage_dataset,20520.29,26515.54,22414.104,30616.975
2037-05-24,global_food_wastage_dataset,4328.31,30908.65,26807.215,35010.086
2037-05-25,global_food_wastage_dataset,26816.63,21720.912,17619.477,25822.348
2037-05-26,global_food_wastage_dataset,9878.15,23235.568,19134.133,27337.004
2037-05-27,global_food_wastage_dataset,15743.78,29617.557,25516.121,33718.992
2037-05-28,global_food_wastage_dataset,45170.97,24068.635,19967.2,28170.07
2037-05-29,global_food_wastage_dataset,45549.05,28368.748,24267.312,32470.184
2037-05-30,global_food_wastage_dataset,13664.52,26324.18,22222.744,30425.615
2037-05-31,global_food_wastage_dataset,10996.23,15327.265,11225.83,19428.7
2037-06-01,global_food_wastage_dataset,21033.18,28719.086,24617.65,32820.52
2037-06-02,global_food_wastage_dataset,40916.95,28576.576,24475.14,32678.012
2037-06-03,global_food_wastage_dataset,23349.11,25641.705,21540.27,29743.14
2037-06-04,global_food_wastage_dataset,22533.71,25964.045,21862.61,30065.48
2037-06-05,global_food_wastage_dataset,9703.04,23897.043,19795.607,27998.479
2037-06-06,global_food_wastage_dataset,40051.76,23242.543,19141.107,27343.979
2037-06-07,global_food_wastage_dataset,48056.64,21448.32,17346.885,25549.756
2037-06-08,global_food_wastage_dataset,4577.91,22876.906,18775.47,26978.342
2037-06-09,global_food_wastage_dataset,8292.42,25422.672,21321.236,29524.107
2037-06-10,global_food_wastage_dataset,18287.46,27212.154,23110.719,31313.59
2037-06-11,global_food_wastage_dataset,46077.87,29204.71,25103.275,33306.145
2037-06-12,global_food_wastage_dataset,2023.43,28458.832,24357.396,32560.268
2037-06-13,global_food_wastage_dataset,24310.75,20697.486,16596.05,24798.922
2037-06-14,global_food_wastage_dataset,48812.37,30147.049,26045.613,34248.484
2037-06-15,global_food_wastage_dataset,33360.77,32323.777,28222.342,36425.21
2037-06-16,global_food_wastage_dataset,26597.49,31082.059,26980.623,35183.492
2037-06-17,global_food_wastage_dataset,30563.44,33869.75,29768.314,37971.184
2037-06-18,global_food_wastage_dataset,7310.4,26168.842,22067.406,30270.277
2037-06-19,global_food_wastage_dataset,14383.99,19761.576,15660.141,23863.012
2037-06-20,global_food_wastage_dataset,38712.73,29249.943,25148.508,33351.38
2037-06-21,global_food_wastage_dataset,34613.71,24228.402,20126.967,28329.838
2037-06-22,global_food_wastage_dataset,28546.73,27260.102,23158.666,31361.537
2037-06-23,global_food_wastage_dataset,45578.99,28740.104,24638.668,32841.54
2037-06-24,global_food_wastage_dataset,1253.44,29048.97,24947.535,33150.406
2037-06-25,global_food_wastage_dataset,29746.78,18688.898,14587.463,22790.334
2037-06-26,global_food_wastage_dataset,1050.83,26094.469,21993.033,30195.904
2037-06-27,global_food_wastage_dataset,3235.89,23364.021,19262.586,27465.457
2037-06-28,global_food_wastage_dataset,26023.48,25066.586,20965.15,29168.021
2037-06-29,global_food_wastage_dataset,24719.7,24880.896,20779.46,28982.332
2037-06-30,global_food_wastage_dataset,5026.34,22741.156,18639.72,26842.592
2037-07-01,global_food_wastage_dataset,28422.69,24631.727,20530.291,28733.162
2037-07-02,global_food_wastage_dataset,6059.1,22524.588,18423.152,26626.023
2037-07-03,global_food_wastage_dataset,22968.7,23681.379,19579.943,27782.814
2037-07-04,global_food_wastage_dataset,6642.26,27766.988,23665.553,31868.424
2037-07-05,global_food_wastage_dataset,26355.09,25895.32,21793.885,29996.756
2037-07-06,global_food_wastage_dataset,39691.84,24419.012,20317.576,28520.447
2037-07-07,global_food_wastage_dataset,10423.98,24223.928,20122.492,28325.363
2037-07-08,global_food_wastage_dataset,13987.54,16346.1455,12244.711,20447.58
2037-07-09,global_food_wastage_dataset,49354.39,27070.41,22968.975,31171.846
2037-07-10,global_food_wastage_dataset,16354.7,26106.547,22005.111,30207.982
2037-07-11,global_food_wastage_dataset,4773.9,28376.154,24274.719,32477.59
2037-07-12,global_food_wastage_dataset,4959.94,26515.52,22414.084,30616.955
2037-07-13,global_food_wastage_dataset,33225.07,29776.096,25674.66,33877.53
2037-07-14,global_food_wastage_dataset,9796.08,20514.773,16413.338,24616.209
2037-07-15,global_food_wastage_dataset,4326.73,28696.023,24594.588,32797.457
2037-07-16,global_food_wastage_dataset,8894.5,28576.938,24475.502,32678.373
2037-07-17,global_food_wastage_dataset,10396.75,31244.377,27142.941,35345.812
2037-07-18,global_food_wastage_dataset,33635.62,29886.258,25784.822,33987.69
2037-07-19,global_food_wastage_dataset,44111.09,28415.846,24314.41,32517.281
2037-07-20,global_food_wastage_dataset,24389.2,28076.873,23975.438,32178.309
2037-07-21,global_food_wastage_dataset,15536.9,24576.314,20474.879,28677.75
2037-07-22,global_food_wastage_dataset,38634.33,28859.068,24757.633,32960.504
2037-07-23,global_food_wastage_dataset,33417.69,26912.855,22811.42,31014.291
2037-07-24,global_food_wastage_dataset,45420.52,25298.402,21196.967,29399.838
2037-07-25,global_food_wastage_dataset,23322.31,19828.691,15727.256,23930.127
2037-07-26,global_food_wastage_dataset,18301.61,26905.012,22803.576,31006.447
2037-07-27,global_food_wastage_dataset,1788.61,26862.361,22760.926,30963.797
2037-07-28,global_food_wastage_dataset,49492.05,24535.709,20434.273,28637.145
2037-07-29,global_food_wastage_dataset,44681.18,26940.467,22839.031,31041.902
2037-07-30,global_food_wastage_dataset,46394.35,23917.852,19816.416,28019.287
2037-07-31,global_food_wastage_dataset,19482.74,25655.06,21553.625,29756.496
2037-08-01,global_food_wastage_dataset,36005.36,29925.12,25823.684,34026.555
2037-08-02,global_food_wastage_dataset,15185.55,26069.564,21968.129,30171.0
2037-08-03,global_food_wastage_dataset,30540.22,29440.338,25338.902,33541.773
2037-08-04,global_food_wastage_dataset,2658.11,32622.486,28521.05,36723.92
2037-08-05,global_food_wastage_dataset,14212.01,18515.477,14414.041,22616.912
2037-08-06,global_food_wastage_dataset,4778.57,27413.732,23312.297,31515.168
2037-08-07,global_food_wastage_dataset,24982.19,26398.953,22297.518,30500.389
2037-08-08,global_food_wastage_dataset,9867.52,23840.236,19738.8,27941.672
2037-08-09,global_food_wastage_dataset,25719.66,19478.322,15376.887,23579.758
2037-08-10,global_food_wastage_dataset,2205.14,25369.287,21267.852,29470.723
2037-08-11,global_food_wastage_dataset,32589.56,33158.45,29057.014,37259.883
2037-08-12,global_food_wastage_dataset,8236.95,24636.611,20535.176,28738.047
2037-08-13,global_food_wastage_dataset,43604.59,17275.459,13174.023,21376.895
2037-08-14,global_food_wastage_dataset,15276.34,19469.438,15368.002,23570.873
2037-08-15,global_food_wastage_dataset,21088.7,27981.496,23880.06,32082.932
2037-08-16,global_food_wastage_dataset,44473.73,22866.727,18765.291,26968.162
2037-08-17,global_food_wastage_dataset,43392.94,30915.012,26813.576,35016.445
2037-08-18,global_food_wastage_dataset,39686.45,32233.46,28132.025,36334.895
2037-08-19,global_food_wastage_dataset,44803.85,18256.865,14155.43,22358.3
2037-08-20,global_food_wastage_dataset,45200.78,25551.078,21449.643,29652.514
2037-08-21,global_food_wastage_dataset,22425.89,22676.438,18575.002,26777.873
2037-08-22,global_food_wastage_dataset,46466.94,40249.918,36148.484,44351.35
2037-08-23,global_food_wastage_dataset,18801.21,18635.707,14534.271,22737.143
2037-08-24,global_food_wastage_dataset,7902.76,29683.139,25581.703,33784.574
2037-08-25,global_food_wastage_dataset,9821.36,26644.13,22542.695,30745.566
2037-08-26,global_food_wastage_dataset,21611.84,22323.682,18222.246,26425.117
2037-08-27,global_food_wastage_dataset,18154.9,21188.871,17087.436,25290.307
2037-08-28,global_food_wastage_dataset,44319.58,27104.053,23002.617,31205.488
2037-08-29,global_food_wastage_dataset,3925.48,26445.451,22344.016,30546.887
2037-08-30,global_food_wastage_dataset,21794.85,23803.271,19701.836,27904.707
2037-08-31,global_food_wastage_dataset,26583.09,29165.469,25064.033,33266.902
2037-09-01,global_food_wastage_dataset,48984.17,28461.676,24360.24,32563.111
2037-09-02,global_food_wastage_dataset,42126.64,20109.91,16008.475,24211.346
2037-09-03,global_food_wastage_dataset,39980.4,28906.678,24805.242,33008.113
2037-09-04,global_food_wastage_dataset,47524.74,20875.031,16773.596,24976.467
2037-09-05,global_food_wastage_dataset,32337.72,15305.443,11204.008,19406.879
2037-09-06,global_food_wastage_dataset,20640.96,30103.229,26001.793,34204.664
2037-09-07,global_food_wastage_dataset,26566.64,28677.71,24576.275,32779.145
2037-09-08,global_food_wastage_dataset,8860.27,32170.176,28068.74,36271.61
